dataset,label,tier,method,status,stop_reason,iterations,rmse,psnr,ssim,full_image_rmse,full_image_psnr,full_image_ssim,water_background_rmse
openbreastus,HET,matched,straight_cgls,success,objective_plateau,118,15.306550133926914,18.048597525310377,0.6230082307188608,6.834819182568278,25.051603298039083,0.907197479681665,1.3472644564122314
openbreastus,HET,matched,straight_sirt,success,small_model_update,592,24.36796428798036,14.009758900630855,0.5425669954377116,10.740610677216297,21.125564397459296,0.8990586544097154,0.915534287609306
openbreastus,HET,matched,straight_sart,success,small_model_update,230,23.975122921345324,14.150927041187689,0.5438526147033166,10.57235858439683,21.262706196120615,0.8985720258117303,0.9694157018351391
openbreastus,HET,matched,bent_ray_gn,success,max_iterations,20,18.786197403336313,16.269366260152225,0.4236090063156669,9.67818726496002,22.030263469139,0.6461022673384647,5.622295976923958
openbreastus,HET,matched,ray_born,success,max_iterations,400,3.8633218998012566,30.006925972077703,0.8655996072061731,2.5262459187073656,33.696631393100134,0.8262315118770476,2.0825264761961906
openbreastus,HET,matched,fwi_reference,stored_reference,historical_schedule_completed,63,10.012810234406384,21.735024183588642,0.5304151390315516,14.049424863138851,18.79297297045116,0.36842358894330907,14.853826064236173
openbreastus,FIB,matched,straight_cgls,success,objective_plateau,108,13.785650945654236,22.377506259942454,0.7077591604156377,6.298103697406582,29.181855678956307,0.9325701063332557,1.2201140154126853
openbreastus,FIB,matched,straight_sirt,success,small_model_update,603,23.778039702443657,17.642530860825808,0.6017746088567186,10.765667086927644,24.525232903257557,0.9166712716522061,1.335400305912551
openbreastus,FIB,matched,straight_sart,success,small_model_update,233,23.39101808732999,17.78506932285896,0.6035864371885659,10.600791945618791,24.65928559817025,0.9166613484240551,1.4144845421881667
openbreastus,FIB,matched,bent_ray_gn,success,max_iterations,20,15.379311212165822,21.42731411199922,0.5894899632123191,7.993989168393981,27.110780708735994,0.7846100792452692,4.481059458440487
openbreastus,FIB,matched,ray_born,success,max_iterations,400,3.485721277170694,34.320198669958415,0.919426624800636,2.350876826077377,37.741454319890266,0.906526090344508,1.960877013479239
openbreastus,FIB,matched,fwi_reference,stored_reference,historical_schedule_completed,63,8.956713872953323,26.123077804815594,0.6627340488291512,12.951427227926605,22.91969922496897,0.5448236491356401,13.782521462648242
openbreastus,FAT,matched,straight_cgls,success,objective_plateau,114,16.34594902249933,17.40457695738723,0.5878222086040762,7.286238251656114,24.42271239930854,0.8984508574742698,1.390553962946042
openbreastus,FAT,matched,straight_sirt,success,small_model_update,585,24.871504884909747,13.758738487623194,0.5132167423560322,10.959900438284013,20.876647581591094,0.8926481115783844,1.0090555867850481
openbreastus,FAT,matched,straight_sart,success,small_model_update,228,24.506874109088784,13.887021364120828,0.5147338481879155,10.802856186339428,21.002007869555346,0.8921593061244703,1.0420286148112157
openbreastus,FAT,matched,bent_ray_gn,success,max_iterations,20,19.263655502703458,15.978005699956517,0.3996748051817453,9.721143198956888,21.918432948199154,0.6432983418307237,5.3305553773681
openbreastus,FAT,matched,ray_born,success,max_iterations,400,4.067548928836771,29.48612404473193,0.8654676257712466,2.619604390243425,33.308065568735024,0.8203718491480596,2.1327993793902724
openbreastus,FAT,matched,fwi_reference,stored_reference,historical_schedule_completed,63,9.958745996649686,21.708686648922782,0.5531262936742133,13.994455620013628,18.753659576525315,0.3673611794577546,14.796687175532801
openbreastus,EXD,matched,straight_cgls,success,objective_plateau,117,11.219745367266066,20.454387185746086,0.7154102538975826,4.990374542876276,27.49138436012369,0.9278967365447323,1.1105482024551783
openbreastus,EXD,matched,straight_sirt,success,small_model_update,580,16.365516390152894,17.175452931781546,0.6767394557074118,7.183987963216929,24.326735279670576,0.9243874809783508,0.9619257284613676
openbreastus,EXD,matched,straight_sart,success,small_model_update,221,16.19276677100565,17.26762598650606,0.6774313730861415,7.108896359799826,24.41800354525471,0.9241428345654675,0.9585744397583617
openbreastus,EXD,matched,bent_ray_gn,success,max_iterations,20,12.18911720078923,19.73460214176447,0.5225211047187887,6.353355786397544,25.393983671588135,0.7300715344039498,3.8729419062965618
openbreastus,EXD,matched,ray_born,success,max_iterations,400,3.0033694128291653,31.9018721301839,0.8809494732722608,1.883691719278548,35.95385062723109,0.8769995548901108,1.5051959542521651
openbreastus,EXD,matched,fwi_reference,stored_reference,historical_schedule_completed,63,8.91718221632798,22.449494374968,0.4298559569751758,13.91487505005898,18.584460981664918,0.3481701559438652,14.844924730455228
openbreastus,HET,kwave_fullrate,straight_cgls,success,objective_plateau,278,62.27788329116143,5.859467025248523,0.14867849899621222,30.12748674615553,12.166885809709097,0.6235874932590142,14.019070013972222
openbreastus,HET,kwave_fullrate,straight_sirt,success,small_model_update,853,43.88899710831854,8.899030750006311,0.3636710911199416,20.167834669184998,15.652958442104408,0.821915565244976,6.559057109020766
openbreastus,HET,kwave_fullrate,straight_sart,success,small_model_update,315,45.11521049106047,8.659684131684301,0.34168482314401705,21.242392370980077,15.20207536129589,0.7839143069039585,8.487994227374333
openbreastus,HET,kwave_fullrate,bent_ray_gn,success,max_iterations,20,130.7474537619676,-0.5825209082573178,0.05736750478077158,97.03434507921371,2.0076343112041743,0.4073766266465651,87.04884461401807
openbreastus,HET,kwave_fullrate,ray_born,success,max_iterations,12,35.34472784781437,10.779651051635629,0.25886113796270194,19.367190009786107,16.00481162303456,0.46358933922184764,12.87795304102607
openbreastus,HET,kwave_fullrate,fwi_reference,stored_reference,historical_schedule_completed,63,10.012810234406384,21.735024183588642,0.5304151390315516,14.049424863138851,18.79297297045116,0.36842358894330907,14.853826064236173
openbreastus,FIB,kwave_fullrate,straight_cgls,success,objective_plateau,293,66.32390633997989,8.732649871392242,0.18884351870374,34.86005514346287,14.319490422830143,0.6621318258920541,20.173579438075986
openbreastus,FIB,kwave_fullrate,straight_sirt,success,small_model_update,844,43.99152911418253,12.298670658001464,0.4335552489512425,21.50775476581211,18.514150299081393,0.8527324002495281,9.41844791816223
openbreastus,FIB,kwave_fullrate,straight_sart,success,small_model_update,349,45.638466567958716,11.979430940292385,0.4130417185850068,22.631024192134376,18.071967640544088,0.8329400128921561,10.648852995435034
openbreastus,FIB,kwave_fullrate,bent_ray_gn,success,max_iterations,20,142.12201655135897,2.1128245979039244,0.07165342651274131,103.48785412240944,4.86826418402503,0.4174376256917395,91.10829114120837
openbreastus,FIB,kwave_fullrate,ray_born,success,max_iterations,12,26.788728740291003,16.607009725255,0.39313246988733636,14.549502324998276,21.909089052988307,0.5578959154318135,9.123584770774476
openbreastus,FIB,kwave_fullrate,fwi_reference,stored_reference,historical_schedule_completed,63,8.956713872953323,26.123077804815594,0.6627340488291512,12.951427227926605,22.91969922496897,0.5448236491356401,13.782521462648242
openbreastus,FAT,kwave_fullrate,straight_cgls,success,objective_plateau,226,63.844025852788604,5.570374465010924,0.13233741357205567,31.188810987484857,11.792803391852045,0.6292304242798578,15.20718846771267
openbreastus,FAT,kwave_fullrate,straight_sirt,success,small_model_update,913,44.84277090521124,8.638930950927506,0.3497883192966975,20.611245878951213,15.39069487710619,0.8220048947043297,6.772330915337451
openbreastus,FAT,kwave_fullrate,straight_sart,success,small_model_update,342,46.00821799458171,8.416071513646266,0.32754841110431215,21.67208314661048,14.954766596077054,0.7873650445446961,8.725768476443962
openbreastus,FAT,kwave_fullrate,bent_ray_gn,success,max_iterations,20,129.6313585074151,-0.5814216865347006,0.052055322181264796,93.92973782592404,2.216717557774095,0.40480902069442365,83.16103498590473
openbreastus,FAT,kwave_fullrate,ray_born,success,max_iterations,12,17.23320680247873,16.945457767151343,0.49955954465221664,9.839919955085573,21.812948449021516,0.5661218954698665,6.999960555180325
openbreastus,FAT,kwave_fullrate,fwi_reference,stored_reference,historical_schedule_completed,63,9.958745996649686,21.708686648922782,0.5531262936742133,13.994455620013628,18.753659576525315,0.3673611794577546,14.796687175532801
openbreastus,EXD,kwave_fullrate,straight_cgls,success,objective_plateau,323,58.421529505569104,6.122588742878533,0.1946950911928428,29.13970180444935,12.164345135897852,0.642479046633445,15.751326059323032
openbreastus,EXD,kwave_fullrate,straight_sirt,success,small_model_update,852,38.94532004246588,9.644941657470074,0.4520803302218894,18.05160662410306,16.323729981259998,0.847054310947338,6.83418645798126
openbreastus,EXD,kwave_fullrate,straight_sart,success,small_model_update,310,42.94012536009959,8.796781039877112,0.4098229678534508,20.376035702104105,15.271653341440622,0.809327878360346,8.960299110922511
openbreastus,EXD,kwave_fullrate,bent_ray_gn,success,max_iterations,20,132.14150081359088,-0.9667375014359957,0.17368748608711748,102.49942589747552,1.2396185416167653,0.42839677995627745,94.21119268658242
openbreastus,EXD,kwave_fullrate,ray_born,success,max_iterations,12,6.699868315544247,24.93272186322507,0.4899951429459099,4.865700148426888,27.71114036420739,0.6208083326048403,4.324631523050835
openbreastus,EXD,kwave_fullrate,fwi_reference,stored_reference,historical_schedule_completed,63,8.91718221632798,22.449494374968,0.4298559569751758,13.91487505005898,18.584460981664918,0.3481701559438652,14.844924730455228
nbpslice2d,A,matched,straight_cgls,success,objective_plateau,113,8.693719223158944,21.294352716642226,0.6238097304054834,5.625439408233041,25.075335889320478,0.8250936255280374,1.1724955907447714
nbpslice2d,A,matched,straight_sirt,success,small_model_update,542,12.245496622544595,18.318936857123322,0.5832221044420584,7.8294436204542635,22.20384689191555,0.8123759110909107,0.46905095206349307
nbpslice2d,A,matched,straight_sart,success,small_model_update,208,12.199691079784412,18.351488241855833,0.583846415539822,7.805058586780056,22.2309415675575,0.8117934292725977,0.5895447400752027
nbpslice2d,A,matched,bent_ray_gn,success,max_iterations,20,9.046732332282248,20.94863009554328,0.5070048284483547,6.353513742245319,24.018185442089113,0.6875914443494824,3.433730636099959
nbpslice2d,A,matched,ray_born,success,max_iterations,400,3.299954544357233,29.708305760803356,0.8734754281611832,2.1313504550289393,33.50536759367229,0.9393230665534458,0.4118443082310915
nbpslice2d,A,matched,fwi_reference,stored_reference,historical_schedule_completed,63,5.592642780980521,25.12612330407069,0.6186331614088612,8.837345706432933,21.152028026128107,0.5785910115945982,10.505132634906737
nbpslice2d,B,matched,straight_cgls,success,objective_plateau,115,15.4502508446671,18.29509550290971,0.5883844348650389,9.35839491616641,22.649778838341447,0.8244487231839073,1.8062520064377876
nbpslice2d,B,matched,straight_sirt,success,small_model_update,609,22.385010566073923,15.074660125958797,0.53910041231934,13.42111573040379,19.518033774152137,0.814905779103776,1.0290366597003278
nbpslice2d,B,matched,straight_sart,success,small_model_update,238,22.156434524783528,15.1638087242201,0.5393481604049881,13.290585758985394,19.602923757759378,0.8140963952984557,1.1432908434814106
nbpslice2d,B,matched,bent_ray_gn,success,max_iterations,20,20.138807045582016,15.9931313831868,0.2991313790114626,14.102037789253737,19.088168717780015,0.5470731937856542,9.14032991433659
nbpslice2d,B,matched,ray_born,success,max_iterations,400,5.6302780989909476,27.063209266343613,0.8684043064870625,3.4205583821159027,31.391866052918857,0.934354896350394,0.7363196512167358
nbpslice2d,B,matched,fwi_reference,stored_reference,historical_schedule_completed,63,8.289530973852727,23.70320702765101,0.6173990756124337,10.377285146686303,21.75213119168635,0.5223498559468523,11.37676049204229
nbpslice2d,C,matched,straight_cgls,success,objective_plateau,113,18.046557002955876,18.553768547969703,0.5514847827876393,11.473219027677947,22.48795001090196,0.7991382570101754,2.4300764061844977
nbpslice2d,C,matched,straight_sirt,success,small_model_update,645,27.465157555861573,14.906013806261562,0.4865595658523893,17.239366601716462,18.95122959680397,0.780589079227862,0.9973847858156201
nbpslice2d,C,matched,straight_sart,success,small_model_update,243,27.23445363323723,14.97928235971369,0.4877720483375938,17.104568866750625,19.019413061847224,0.7797980649247085,1.241904429845692
nbpslice2d,C,matched,bent_ray_gn,success,max_iterations,20,28.852546185314058,14.477972802986699,0.2705862098342785,20.749301341138537,17.34158614131422,0.5279758362671947,13.04228349578729
nbpslice2d,C,matched,ray_born,success,max_iterations,400,6.024448837606916,28.083309290736167,0.8585837319094104,3.8291271208356985,32.019660011538676,0.9305929175558157,0.803752941135754
nbpslice2d,C,matched,fwi_reference,stored_reference,historical_schedule_completed,63,19.26012828682903,17.988472190315157,0.5239319916899008,17.450719257576285,18.845389065530558,0.45158594650877953,16.170587456025938
nbpslice2d,D,matched,straight_cgls,success,objective_plateau,116,11.285021795258286,20.28669555385062,0.5189674606000285,7.328401876412455,24.036558052719936,0.7858763812127331,1.5837466923084058
nbpslice2d,D,matched,straight_sirt,success,small_model_update,611,18.60374266353974,15.944737127619145,0.44234160796513733,11.95218013638227,19.787800998438495,0.7588187058509562,1.250395665555909
nbpslice2d,D,matched,straight_sart,success,small_model_update,232,18.379320605417984,16.050154525972896,0.4430733827587096,11.81547479045726,19.887720039310647,0.7581618799626609,1.3510819753718724
nbpslice2d,D,matched,bent_ray_gn,success,max_iterations,20,13.356151301198738,18.823116993854004,0.38319092499942486,9.744458633138398,21.561589271704406,0.607200368976477,6.078996884718298
nbpslice2d,D,matched,ray_born,success,max_iterations,400,3.646948830900896,30.098150199216413,0.8579534481474652,2.363545070502611,33.865465831768624,0.9335438131154044,0.47309746502182565
nbpslice2d,D,matched,fwi_reference,stored_reference,historical_schedule_completed,63,6.874933523826947,24.59137353408124,0.6611240479254891,9.657767034231167,21.63920909579939,0.5734018857665242,11.191783808375579
nbpslice2d,A,kwave_fullrate,straight_cgls,success,objective_plateau,126,16.03945710221642,15.974671627230412,0.5287587849348573,10.336332736423671,19.79113528969115,0.7772070145005238,1.7886131238898535
nbpslice2d,A,kwave_fullrate,straight_sirt,success,small_model_update,531,15.286053976959826,16.3925571383047,0.5584352719550046,9.81739134343221,20.238542848288887,0.7970458429950404,1.3398923801672453
nbpslice2d,A,kwave_fullrate,straight_sart,success,small_model_update,202,15.320384501641389,16.373071612481972,0.5572159023567711,9.839006730974381,20.219439760770666,0.7971752138837356,1.3375297976142293
nbpslice2d,A,kwave_fullrate,bent_ray_gn,success,max_iterations,20,64.33016983582895,3.9101709549449866,0.04327421422710489,50.29803049248446,6.047445317746619,0.3996309754435859,37.70502572287102
nbpslice2d,A,kwave_fullrate,ray_born,success,max_iterations,12,4.244615962056354,27.521696855933637,0.8385371851425908,2.7797419296119013,31.198375353833498,0.9116487817691018,0.7983828484549369
nbpslice2d,A,kwave_fullrate,fwi_reference,stored_reference,historical_schedule_completed,63,5.592642780980521,25.12612330407069,0.6186331614088612,8.837345706432933,21.152028026128107,0.5785910115945982,10.505132634906737
nbpslice2d,B,kwave_fullrate,straight_cgls,success,objective_plateau,125,30.72989367909392,12.322585046943642,0.4192403220089803,18.575117501508046,16.695174806651327,0.7496356973552282,3.268883217440598
nbpslice2d,B,kwave_fullrate,straight_sirt,success,small_model_update,642,28.634578728960385,12.935990236838018,0.5036819177988855,17.219281515730856,17.353505673972936,0.7971862718485677,2.115392891743723
nbpslice2d,B,kwave_fullrate,straight_sart,success,small_model_update,240,28.760778806830007,12.897793359519788,0.5003405729439825,17.304646276928285,17.310551673473164,0.7954015247962669,2.2416836942828193
nbpslice2d,B,kwave_fullrate,bent_ray_gn,success,max_iterations,20,98.3351227837545,2.2196329124023144,0.026834853788920632,68.70614221819416,5.333894919811123,0.3973920003728243,44.26399653738832
nbpslice2d,B,kwave_fullrate,ray_born,success,max_iterations,12,6.856832318421779,25.351335618892833,0.8256149932682109,4.245347270700274,29.5155417711445,0.893788846243114,1.3592098864380417
nbpslice2d,B,kwave_fullrate,fwi_reference,stored_reference,historical_schedule_completed,63,8.289530973852727,23.70320702765101,0.6173990756124337,10.377285146686303,21.75213119168635,0.5223498559468523,11.37676049204229
nbpslice2d,C,kwave_fullrate,straight_cgls,success,objective_plateau,149,48.887198729565576,9.897752648757859,0.23964413239273294,31.736110229513947,13.650581782579032,0.6047753796786232,10.545946463617922
nbpslice2d,C,kwave_fullrate,straight_sirt,success,small_model_update,759,36.69278037341324,12.39004327265455,0.43299105734691995,23.21971099371741,16.36451950179142,0.7434775216572028,4.0162761933964815
nbpslice2d,C,kwave_fullrate,straight_sart,success,small_model_update,281,37.45572844028576,12.211290747524279,0.4195730621719266,23.935655564126925,16.100749166800412,0.7275459727215099,5.925448433836691
nbpslice2d,C,kwave_fullrate,bent_ray_gn,success,max_iterations,20,123.40236562495578,1.8551859966278648,0.02169179512754424,92.30936692433514,4.3767402507664475,0.39129353460200783,64.61556841115139
nbpslice2d,C,kwave_fullrate,ray_born,success,max_iterations,12,7.780861781662912,25.861101688257367,0.7923529600970969,5.127955040984014,29.482771523215447,0.8667565673375521,2.026443481380223
nbpslice2d,C,kwave_fullrate,fwi_reference,stored_reference,historical_schedule_completed,63,19.26012828682903,17.988472190315157,0.5239319916899008,17.450719257576285,18.845389065530558,0.45158594650877953,16.170587456025938
nbpslice2d,D,kwave_fullrate,straight_cgls,success,objective_plateau,118,27.093480524795442,12.679447604990408,0.32105493185612943,17.542675970982756,16.45482676477151,0.6794733759763862,3.3739393025075444
nbpslice2d,D,kwave_fullrate,straight_sirt,success,small_model_update,619,24.295444604522313,13.626246577123094,0.39430265215764276,15.619176816112342,17.463580770701526,0.7320470293959404,1.7921380091044048
nbpslice2d,D,kwave_fullrate,straight_sart,success,small_model_update,230,24.394736568608245,13.59082094440911,0.39094460393706226,15.68446655495352,17.42734854803868,0.7309398355621785,1.8208534812421968
nbpslice2d,D,kwave_fullrate,bent_ray_gn,success,max_iterations,20,93.99982133169733,1.8742030351060304,0.008627714811766258,67.8317988890661,4.7080769047458135,0.3856082629369326,40.708787187691364
nbpslice2d,D,kwave_fullrate,ray_born,success,max_iterations,12,4.376832385595221,28.513545292256232,0.8336634211783258,2.871586012218489,32.17430701409198,0.9133139339927381,0.8131190580962716
nbpslice2d,D,kwave_fullrate,fwi_reference,stored_reference,historical_schedule_completed,63,6.874933523826947,24.59137353408124,0.6611240479254891,9.657767034231167,21.63920909579939,0.5734018857665242,11.191783808375579
